,shot,dda,t1,t2,Te ped height (keV),error,ne ped height 10^19(m^-3),error.1,pe ped height (kPa),error.2,Te psiN=0.9 pre-ELM (keV),error.3,ne psiN=0.9 pre-ELM 10^19(m^-3),error.4,pe psiN=0.9 pre-ELM (kPa),error.5,Te pedestal width (psiN %),error.6,Ne pedestal width (psiN %),error.7,pe pedestal width (psiN %),error.8,Te pedestal width Rmid (cm),error.9,Ne pedestal width Rmid (cm),error.10,pe pedestal width Rmid (cm),error.11,ne separatrix from exp data 10^19(m^-3),error.12,ne separatrix from fit 10^19(m^-3),error.13,ne position (psiN),error.14,Te position (psiN),error.15,pe position (psiN),error.16,ne position Rmid (m),error.17,Te position Rmid (m),error.18,pe position Rmid (m),error.19,separatrix position Rmid (m),error.20,ne inner slope,error.21,Te inner slope,error.22,pe inner slope,error.23,beta_pol ped (electrons),error.24,nu* pedestal,error.25,rho* pedestal,error.26,Zeff,error.27,BetaN (dia),error.28,BetaN (MHD),error.29,Ip (MA),error.30,B (T),error.31,R (m),error.32,a (m),error.33,average triangularity,error.34,Meff,error.35,P_NBI (MW),error.36,P_ICRH (MW),error.37,P_TOT=PNBI+Pohm+PICRH-Pshi (MW),error.38,plasma volume (m^3),error.39,q95,error.40,gas flow rate of main species 10^22  (e/s),error.41,H/(H+D),error.42,electron rate from GIM  1 (e/s),error.43,electron rate from GIM  2 (e/s),error.44,electron rate from GIM  3 (e/s),error.45,electron rate from GIM  4 (e/s),error.46,electron rate from GIM  5 (e/s),error.47,electron rate from GIM  6 (e/s),error.48,electron rate from GIM  7 (e/s),error.49,electron rate from GIM  8 (e/s),error.50,electron rate from GIM  9 (e/s),error.51,electron rate from GIM 10 (e/s),error.52,electron rate from GIM 11 (e/s),error.53,electron rate from GIM 12 (e/s),error.54,electron rate from GIM 13 (e/s),error.55,electron rate from GIM 14 (e/s),error.56,electron rate from GIM 15 (e/s),error.57,sub-divertor pressure from bar1 (10!u-6!n bar),error.58,Atomic number of seeded impurity,error.59,flow rate of seeded impurity 10^22 (e/s),error.60,FLAG: DEUTERIUM,FLAG: HYDROGEN,FLAG: H/D mix,FLAG: He JET-C,FLAG: Seeding,FLAG: Kicks,FLAG: RMP,FLAG: pellets,FLAG: HRTS data validated,divertor configuration
326,79565,T001/pbohm,55.5494003296,61.9850006104,0.8405002951999999,0.0179368258,3.8484029769999997,0.037092063599999996,5.1326789856,0.1201880425,1.0167807341,0.021698765499999998,4.004830360400001,0.0385997593,7.338476657899999,0.1718395352,0.0316841602,0.0039135967,0.034826163199999996,0.003259667,0.027137940699999998,0.0036015045,1.5754342078999999,0.19459609690000002,1.7324625254,0.16215541960000002,1.3786276578999999,0.2918253839,1.252951622,0.25483766199999996,1.2061537504000002,0.2918253839,0.9928302169,0.0004948486,0.9837012291,0.0008046272999999999,0.9810919762,0.0009871348,3.8564593792000004,0.001921409,3.8519210814999996,0.0031491776,3.8506245613,0.0038766953999999996,3.8600270748,0.0,0.015240056399999998,0.0018784839000000001,0.0791836008,0.0053353021,0.09070451560000001,0.012741595500000001,0.1564460546,0.0036633783000000002,0.3301188946,0.0172716901,4.75237e-05,5.071e-07,2.0888431071999998,0.06963431839999999,1.589199543,0.059000939100000004,1.5606838465000001,0.0750879869,1.9803674221,0.005239611,2.1898009777,0.008949737099999999,2.9034211636,0.004155840300000001,0.9542862773,0.0029252707,0.26933863760000004,0.0032354803000000003,1.9836894274,0.0018780601999999998,7.781562328300001,0.36518973109999997,0.9604874253,0.1383773685,9.09375,0.2799691856,80.6012954712,0.2330654711,3.7098286151999997,0.018731948000000002,0.0,0.0,0.0162086058,0.0062452313,0.0,0.0,0.0,0.0,-0.0,0.0,0.0,0.0,0.0,0.0,0.0,0.0,0.0,0.0,0.0,0.0,0.0,0.0,0.0,0.0,0.0,0.0,0.0,0.0,-0.0,0.0,-0.0,0.0,0.0,0.0,-1000.0,1000.0,0.0,0.0,0.0,0.0,1,0,0,0,0,0,0,0,0,V/H
327,79566,T001/pbohm,55.263301849399994,59.9297981262,0.8978181481,0.0167837758,3.9800736904000003,0.0243134834,5.671954155,0.1115489751,1.0592795609999999,0.0198021289,4.142762661,0.0253073201,7.8234677315,0.1538622826,0.0392220728,0.0041834214,0.0381567217,0.0029133782,0.0321485661,0.0036047737,1.9111769199000002,0.2038458884,1.8599011898,0.1420089453,1.3866091966999998,0.24089370670000002,1.1277676821,0.19370679559999998,0.9252039790000001,0.24089370670000002,0.9887794851999999,0.0003806185,0.9790522456,0.0008410895,0.9760586023000001,0.0009629131,3.8573544025,0.0014850048000000001,3.852615118,0.0033072865999999998,3.8511574268,0.003803232,3.86282444,0.0,0.0175827239,0.0011259197,0.08831002560000001,0.0052477065,0.1002255976,0.0087556848,0.1674280018,0.0032927665999999997,0.3040240407,0.0132240485,4.9385900000000004e-05,4.6159999999999995e-07,2.177447319,0.0963025764,1.6624821424,0.0365482196,1.6628962755,0.0439727642,1.9819395541999998,0.0043195523,2.1913061141999997,0.01348917,2.9044914245999998,0.0042964666999999995,0.953841567,0.0030169867,0.2715951204,0.0035650351000000003,1.9771165847999999,0.0021330409,7.8726000786000006,0.18729183079999998,0.9595179558,0.1281395853,9.1670742035,0.241388157,80.6293334961,0.2589077652,3.7235720158,0.027091590699999998,0.0,0.0,0.0229450725,0.0055685979000000005,0.0,0.0,0.0,0.0,-0.0,0.0,0.0,0.0,0.0,0.0,0.0,0.0,0.0,0.0,0.0,0.0,0.0,0.0,0.0,0.0,0.0,0.0,0.0,0.0,-0.0,0.0,-0.0,0.0,0.0,0.0,-1000.0,1000.0,0.0,0.0,0.0,0.0,1,0,0,0,0,0,0,1,0,V/H
328,79567,T001/pbohm,55.079299926800005,58.8930015564,0.868540585,0.0150603596,3.9051415919999997,0.027160203100000002,5.3613648414999995,0.10016459970000001,1.0410875082,0.0180522949,4.0931739807,0.0284679662,7.6158051491,0.14228355880000002,0.0392494388,0.0043354928,0.0356633291,0.0027026699,0.031522363399999996,0.0036125425,1.9552229643,0.21597394350000002,1.7773400545,0.1346919537,1.4699014425,0.2495910525,1.2997416258,0.20408137140000002,0.9689993262000001,0.2495910525,0.9897347093000001,0.0004046383,0.9794653654000001,0.0007559791000000001,0.9772639871,0.0008911841000000001,3.8571000099,0.0015762089999999999,3.8519837856,0.0029699183000000003,3.8508882523000003,0.0035147117,3.8622174263,0.0,0.019116584199999998,0.0012568707,0.09732603279999999,0.0052467375,0.1110831127,0.009444626999999999,0.1614258289,0.0030158651,0.3201568425,0.013329627,4.8906700000000004e-05,4.24e-07,2.1530807018,0.11370924119999999,1.6620188951,0.036497511,1.6625417471000001,0.0427012704,1.9826802015,0.005648454200000001,2.1932954788,0.0190120917,2.9035203457,0.0041298475,0.9548465014,0.0030114593,0.2714362741,0.0035068978999999996,1.9795937538,0.0023575032,7.8408565521,0.18969473239999998,0.9345778227,0.0759219825,9.0883350372,0.2747600973,80.6630249023,0.2768517435,3.7274546623,0.0373482779,0.0,0.0,0.0203492679,0.0057473946,0.0,0.0,0.0,0.0,-0.0,0.0,0.0,0.0,0.0,0.0,0.0,0.0,0.0,0.0,0.0,0.0,0.0,0.0,0.0,0.0,0.0,0.0,0.0,0.0,-0.0,0.0,-0.0,0.0,0.0,0.0,-1000.0,1000.0,0.0,0.0,0.0,0.0,1,0,0,0,0,0,0,1,0,V/H
329,79568,T001/pbohm,55.258098602299995,61.817401886000006,0.8822442293000001,0.0137590077,3.7810263633999996,0.030480483500000002,5.3026823997,0.09309268,1.0534859896,0.0164296012,3.9283993244,0.0316685215,7.4450302124,0.1307032406,0.036057941600000004,0.0034298326,0.0381629989,0.0024101820000000003,0.030335783999999998,0.0029641804,1.8170464038999998,0.1728375107,1.9236732721,0.12148948009999999,1.4386376143000001,0.22231560949999998,1.075271368,0.16913415489999997,0.9595578909,0.22231560949999998,0.9893678427,0.0004790055,0.981569767,0.0006822075,0.9780242443000001,0.0008710641,3.8510251044999997,0.0018637342000000002,3.8470954895,0.0026724003000000002,3.8453102112,0.0034277171000000003,3.8563849926,0.0,0.016618523700000002,0.0015296823000000002,0.0853785276,0.0042432607,0.0968431458,0.010130480899999999,0.1570584625,0.0027572825,0.2950694561,0.0115821706,4.85496e-05,3.786e-07,2.1030583382,0.062739566,1.5833016634000001,0.046488095099999995,1.5834391117,0.0662507564,1.9800499678,0.0049785891999999995,2.1912717819,0.011319356000000001,2.9041764736,0.0045971321,0.9532741904,0.0031870259000000003,0.2701481879,0.0034735897,1.9825373888,0.0029220767,7.8530306816,0.18907830120000002,0.4551735222,0.0399231985,8.651000976599999,0.2975812256,80.55809783939999,0.2873308659,3.7132174969,0.025509267999999998,0.0,0.0,0.017471442,0.0095291929,0.0,0.0,0.0,0.0,-0.0,0.0,0.0,0.0,0.0,0.0,0.0,0.0,0.0,0.0,0.0,0.0,0.0,0.0,0.0,0.0,0.0,0.0,0.0,0.0,-0.0,0.0,-0.0,0.0,0.0,0.0,-1000.0,1000.0,0.0,0.0,0.0,0.0,1,0,0,0,0,0,0,1,0,V/H
330,79569,T001/pbohm,56.072700500500005,59.8905982971,0.8818288445,0.0184043497,3.960745573,0.0278996173,5.5329890251,0.1218769178,1.0742878914,0.022421097400000003,4.1391911507,0.029156591699999998,7.957343101499999,0.17527893190000002,0.0318215899,0.0047563291,0.0348119363,0.0035759432,0.0270273332,0.0042077336,1.6177372932,0.2418009639,1.7705657482,0.1818756312,1.3850718737,0.30159136649999996,1.2038341761,0.16960749030000002,1.149310112,0.30159136649999996,0.9922062755,0.00040004190000000005,0.9836962819,0.0008312425,0.9808598161,0.0009595334,3.8545899391000003,0.0015540197,3.8502657413,0.0032518958,3.848824501,0.0037675197,3.8585567474,0.0,0.017021602,0.0012388658999999999,0.0825410038,0.0057952162,0.0958880261,0.0096968738,0.16905891899999997,0.0037239147,0.3098962009,0.015118395,4.8553699999999996e-05,5.067000000000001e-07,2.2885038853,0.058327246500000006,1.6812126637,0.0364917479,1.6584854126,0.048349339500000005,1.9796173573,0.0046758433,2.1883013248,0.0109275244,2.9047679901,0.0036590971999999997,0.9532786012000001,0.0020829348,0.2717068195,0.0036767283000000003,1.976883173,0.0024536587,7.8225550651999995,0.010176734100000001,1.4080353975,0.1770010293,9.6006860733,0.2694673836,80.55545806880001,0.23505373300000001,3.7156379223,0.0198066328,0.0,0.0,0.023090640099999997,0.007263879799999999,0.0,0.0,0.0,0.0,-0.0,0.0,0.0,0.0,0.0,0.0,0.0,0.0,0.0,0.0,0.0,0.0,0.0,0.0,0.0,0.0,0.0,0.0,0.0,0.0,-0.0,0.0,-0.0,0.0,0.0,0.0,-1000.0,1000.0,0.0,0.0,0.0,0.0,1,0,0,0,0,0,0,1,0,V/H
331,79569,T002/pbohm,60.1596984863,62.2055015564,0.9566469193000001,0.025853665499999998,3.7682316303,0.0387738161,5.7372713089,0.16590972240000001,1.1287052631,0.0305035915,3.8949599266000003,0.0400778092,7.8408684731,0.22674129899999998,0.032131973700000004,0.006558103000000001,0.0329647623,0.0043362929,0.0268587228,0.0055593234,1.5820882319999998,0.32290259,1.6233822107,0.2135450244,1.2900087833,0.37730631229999995,0.7072849273999999,0.152833879,0.8382329345,0.37730631229999995,0.9896789193000001,0.0006172535,0.9823037386,0.0012439518,0.9793533087,0.0014546755999999999,3.8562505245,0.0024049864,3.8526208400999997,0.0048755929,3.8511688708999996,0.0057246974,3.861335516,0.0,0.012324965600000001,0.0016398912,0.0694487691,0.0067741787,0.0764082745,0.012605730400000001,0.1732202321,0.0050091618,0.25321123,0.0162916724,5.11295e-05,6.909e-07,2.2872202396,0.0580909997,1.5664302111000001,0.0614727251,1.506478548,0.0826210231,1.9773601294,0.0052902792,2.1902370453,0.0010332759,2.9075083733,0.0056634931999999995,0.9494667053,0.002292657,0.2693976462,0.0047815205,1.9765805006000001,0.0029906719,6.5504498482,0.0,1.4559508562,0.15882316230000001,8.3334608078,0.23700656,80.396736145,0.2065415978,3.6956369877,0.0162801798,0.0,0.0,0.0237048119,0.0078607509,0.0,0.0,0.0,0.0,-0.0,0.0,0.0,0.0,0.0,0.0,0.0,0.0,0.0,0.0,0.0,0.0,0.0,0.0,0.0,0.0,0.0,0.0,0.0,0.0,-0.0,0.0,-0.0,0.0,0.0,0.0,-1000.0,1000.0,0.0,0.0,0.0,0.0,1,0,0,0,0,0,0,1,0,V/H
332,79571,T001/pbohm,56.3446998596,59.3255996704,0.7818076611,0.0205930695,3.8255712986000003,0.0403732583,4.7085199356,0.1336083263,0.9720007181,0.0256028175,4.0245981216,0.0424736962,7.0621829033,0.20039553940000002,0.030022157400000003,0.005308907,0.0271585528,0.0043904710999999996,0.024710454,0.0048713824,1.5307233334,0.2706823349,1.3857525587000001,0.2240217477,1.1905610561,0.4286980629,1.5539579391,0.3162973225,1.4814471006,0.4286980629,0.9971542358,0.0005576373,0.9857675432999999,0.0010203033,0.9843431711,0.0012103171,3.8563728333,0.0021571387,3.8505666256,0.0039840238,3.8498411179,0.0047351755,3.8578248024,0.0,0.0146427425,0.0015425314000000001,0.08516930789999999,0.0069263907999999996,0.0973282829,0.0129527822,0.14865633849999998,0.0042182519,0.38351181149999997,0.024251055,4.57392e-05,6.024e-07,2.015958786,0.049359716500000005,1.6197458506,0.0320072919,1.5846728086000001,0.0397832207,1.9794927835,0.0028411795000000003,2.1852154732,0.0001713745,2.901011467,0.0027264007,0.9564168453,0.0020513982,0.2691688836,0.0022806381,1.9807699919,0.0014636109,7.728769779199999,0.0,1.6578445435,0.15323294699999998,9.7486047745,0.2150990665,80.6515426636,0.20775571469999998,3.7137727737,0.015151458799999998,0.1432804912,0.00020669729999999998,0.0191493034,0.0042254999,0.0,0.0,0.0,0.0,-0.0,0.0,0.0,0.0,0.0,0.0,0.0,0.0,0.0,0.0,0.0,0.0,0.0,0.0,0.0,0.0,0.0,0.0,0.1432804912,0.00020669729999999998,-0.0,0.0,-0.0,0.0,0.0,0.0,-1000.0,1000.0,0.0,0.0,0.0,0.0,1,0,0,0,0,0,0,0,0,V/H
333,79571,T002/pbohm,59.5505981445,62.0124015808,0.8190022111,0.0171353836,4.0091104507,0.034948036099999996,5.2144069672,0.11818774039999999,0.9729601741,0.0203565322,4.1621804237,0.036282371699999996,7.1461129189,0.1619710326,0.0329851061,0.0041526072,0.03395731,0.0032212455,0.0280042123,0.003716219,1.6791216135,0.2113903314,1.7302554846,0.1641348451,1.5714905262,0.3202617168,1.4746114016,0.355292052,1.4377384186000002,0.3202617168,0.9950236678000001,0.0004951633000000001,0.9836427569,0.0008920302,0.9822195768,0.0010613247,3.8547449112,0.0019181439,3.8489511013,0.0034878103,3.8482267857,0.0041626613,3.8572812080000003,0.0,0.0136045795,0.0015125863000000001,0.0732350051,0.0047088847,0.0828952491,0.010646712,0.1593772769,0.0036123842,0.3643479347,0.0184220485,4.689e-05,4.905e-07,2.1531612872999997,0.0604602844,1.5444071293000001,0.0310410056,1.4785226583000002,0.037596233199999995,1.9766529799,0.0029476651,2.1855289936,0.0002521589,2.9037799835,0.0030923369,0.9529000521,0.0016228412,0.2692331374,0.0029487752000000003,1.9799718857,0.0018269789000000002,6.591742515599999,0.7392552495,1.6156802177,0.12189923970000001,8.597494125399999,0.23254475,80.4944381714,0.14118117089999999,3.6971530913999997,0.010420165,0.1425756514,0.0001695361,0.0200468358,0.0044013569,0.0,0.0,0.0,0.0,-0.0,0.0,0.0,0.0,0.0,0.0,0.0,0.0,0.0,0.0,0.0,0.0,0.0,0.0,0.0,0.0,0.0,0.0,0.1425756514,0.0001695361,-0.0,0.0,-0.0,0.0,0.0,0.0,-1000.0,1000.0,0.0,0.0,0.0,0.0,1,0,0,0,0,0,0,1,0,V/H
334,79572,T001/pbohm,55.8964004517,61.9907989502,0.7030268908,0.0123908045,4.5696344375999995,0.0303913448,5.0916585922,0.0959166884,0.8592219949,0.0151437325,4.7227735519,0.031409829900000005,7.3099446297,0.1377047747,0.0396718644,0.0030976735999999998,0.0339597091,0.0026159626,0.0318575427,0.0028669534000000003,2.0051064491,0.1565635055,1.7173743248,0.13229167460000002,1.6300072669999999,0.23685094710000001,1.4865185022,0.2630354166,1.4407641888,0.23685094710000001,0.9935430288,0.0003682997,0.9813420773,0.0007440722999999999,0.9799064398,0.0008670889,3.8577179909,0.0014301713000000001,3.851552248,0.0029164073,3.8508272171,0.0034106418,3.8609833717,0.0,0.012222318000000001,0.0011094766,0.10710787029999999,0.0051757139,0.1100689098,0.011318966699999999,0.1535260379,0.0028921240000000003,0.5539283156,0.023209923900000002,4.34075e-05,3.825e-07,1.9750061035,0.1147456169,1.5305662155000002,0.029191685800000002,1.4760837555000001,0.0416403823,1.9765245913999998,0.0026846777,2.1849873066,0.0001789647,2.8998491764,0.0037561447999999997,0.9569727182,0.0033050142,0.2677920461,0.0038622185,1.9878704548,0.0015520983,6.3355765342999995,0.393080771,1.6021409035,0.1503570676,8.3813686371,0.1702396423,80.6799316406,0.22741551699999998,3.7099068164999998,0.015282755700000001,0.073899515,0.0001673082,0.012116765600000001,0.0042066113,0.0,0.0,0.0,0.0,-0.0,0.0,0.0,0.0,0.0,0.0,0.0,0.0,0.0,0.0,0.0,0.0,0.0,0.0,0.0,0.0,0.0,0.0,0.073899515,0.0001673082,-0.0,0.0,-0.0,0.0,0.0,0.0,-1000.0,1000.0,0.0,0.0,0.0,0.0,1,0,0,0,0,0,0,1,1,V/H
489,81794,T001/lfrassin,52.8478012085,55.1180992126,0.36435183880000005,0.011046998200000002,6.029991626699999,0.054132554699999995,3.5001199245,0.1106761992,0.5077450275,0.015394621499999999,6.1366128922000005,0.055089715899999996,5.917787551900001,0.1871245056,0.0457838289,0.005656570200000001,0.034141268599999997,0.0037657863000000002,0.0360303149,0.0048050983,2.5150163174,0.3107290566,1.8772499561000002,0.2070609033,2.4712860584,0.40992000700000003,3.3842117786,0.6538382172999999,3.3566834926999998,0.40992000700000003,1.0019848347,0.0006841197,0.987419188,0.0013416352,0.9867566228,0.0015851369,3.8250777720999998,0.0026117524,3.817075491,0.0051739234000000005,3.8167116642,0.006135745,3.8239865302999996,0.0,0.0059306291,0.001421548,0.20097859199999998,0.0152331255,0.1756010652,0.0441450812,0.10584912449999999,0.0033470222,2.277528286,0.15855331720000002,3.37856e-05,5.121999999999999e-07,-1.0,-1.0,1.327337265,0.028983986,1.1559361219,0.031940259,1.970703721,0.0059623611,1.9961446524000002,0.0003332405,2.8849227427999997,0.0026241690000000004,0.9371762872,0.0036824432,0.27605420350000004,0.0030379916999999997,1.9981262684,0.00022749830000000002,9.5027370453,0.2310455143,0.0,0.0,10.1611766815,0.2695566416,76.812461853,0.3397576809,3.240434885,0.0152547359,1.8368637562,0.0319996327,0.0018737316,0.00022749830000000002,0.0,0.0,0.0,0.0,-0.0,0.0,0.0,0.0,0.0,0.0,0.0,0.0,0.0,0.0,0.0,0.0,0.2441006452,0.0006914771000000001,0.0,0.0,1.5927630662999999,0.0313081741,0.0,0.0,-0.0,0.0,-0.0,0.0,0.0,0.0,1.5032900572,0.45845144990000003,0.0,0.0,0.0,0.0,1,0,0,0,0,0,0,0,1,V/H
490,81795,T001/lfrassin,53.599201202399996,56.539501190200006,0.3790719807,0.011707850700000001,5.8923325539,0.06577571480000001,3.5345640181999998,0.1160784885,0.5046602488,0.0155867152,6.0042614937,0.0670251697,5.6365084648,0.1851083785,0.0571638308,0.0062916577,0.0377657935,0.0041861418,0.0434426367,0.005343629,3.0760805607,0.33856454490000004,2.0345299244,0.2255170494,2.9324848651999997,0.46522095799999996,2.9088802338,0.6078827381,3.0018727779,0.46522095799999996,1.0,0.0008456407000000001,0.9829980731,0.00145521,0.9836781620999999,0.0017615206,3.8269419669999998,0.0032350670000000003,3.8181574345,0.0056331549,3.8181574345,0.0068486664,3.8269419669999998,0.0,0.0071669822,0.0018858108,0.2214901298,0.015502206999999999,0.1931582391,0.0525920317,0.10348790880000001,0.0033986428999999998,2.0888381004,0.1523474306,3.47309e-05,5.363000000000001e-07,-1.0,-1.0,1.3516525030000002,0.038699462999999996,1.1822685003,0.0355982445,1.9709756374,0.0066245138,1.9973152876,0.00043203720000000004,2.8885009288999997,0.0022019946,0.9338940978,0.0029360219,0.2775520682,0.0028597913,1.9979596138,0.0004342603,9.3810520172,0.7010818123999999,0.0,0.0,10.0300941467,0.2198908329,76.6721343994,0.3002093434,3.2333602905000003,0.015429792900000001,1.6089482307,0.0308174565,0.0020403862,0.0004342603,0.0,0.0,0.0,0.0,-0.0,0.0,0.0,0.0,0.0,0.0,0.0,0.0,0.0,0.0,0.0,0.0,0.2611314952,0.0010313934,0.0,0.0,1.3478186131,0.0297861006,0.0,0.0,-0.0,0.0,-0.0,0.0,0.0,0.0,1.7286894321000001,0.2125038207,0.0,0.0,0.0,0.0,1,0,0,0,0,0,0,0,1,V/H
491,81798,T001/lfrassin,53.5858001709,55.923599243199995,0.3716193438,0.0144831873,5.8111166954,0.0755003691,3.4295332432,0.1408912688,0.5054814219,0.019700218000000002,5.912033081100001,0.07681151480000001,5.600897788999999,0.23009474579999997,0.0595515594,0.0069664344,0.04301853480000001,0.0049211071000000006,0.0462960824,0.0060311067,3.2290422916000003,0.3777383864,2.336009264,0.2672278881,2.9869632720999997,0.5766962767,2.8428773880000002,0.7608436942,3.1436619758999997,0.5766962767,1.0013575554,0.0010544092,0.9830126762000001,0.0018273761,0.9823325871999999,0.0022060566,3.8301715851,0.0040314724,3.8198542595,0.0070763789,3.8194856644,0.008582716800000001,3.8290660381,0.0,0.0073936498,0.0024373622,0.251363337,0.0200140662,0.2201045454,0.074645251,0.1011917591,0.0041571357,2.1306536198,0.19375900920000003,3.43574e-05,6.695e-07,-1.0,-1.0,1.3961056471000002,0.0301231947,1.2222341299,0.0298405886,1.9700852633000001,0.0051107113,1.9976433516,0.0003664865,2.8877327442,0.0024991923,0.934699595,0.0026629705,0.2781559825,0.0026049933,1.9976543188,4.16323e-05,9.4407711029,0.6074479222,0.0,0.0,10.0636920929,0.1634368598,76.72049713130001,0.24162091309999997,3.2412419319,0.0144453421,1.6335659027,0.025005221400000003,0.0023456812,4.16323e-05,0.0,0.0,0.0,0.0,-0.0,0.0,0.0,0.0,0.0,0.0,0.0,0.0,0.0,0.0,0.0,0.0,0.26627644899999997,0.0008501721000000001,0.0,0.0,1.3672896624000002,0.0241550636,0.0,0.0,-0.0,0.0,-0.0,0.0,0.0,0.0,1.6360293627000002,0.22050940989999998,0.0,0.0,0.0,0.0,1,0,0,0,0,0,0,0,1,V/H
493,81803,T001/lfrassin,53.5120010376,55.9807014465,0.3855799437,0.0107480735,5.915838718400001,0.051503513,3.6331789494,0.1060997471,0.5395612717,0.015040315700000001,6.0153536797000005,0.052369892599999995,6.232729435,0.18201443550000002,0.044604271699999996,0.0058950758999999995,0.036096435,0.004357270900000001,0.0363916233,0.0051835184,2.381677866,0.3147719204,1.9298362731999998,0.2329543084,2.4672341347,0.5224751234,2.792014122,0.17856137449999998,3.5601751804000004,0.5224751234,1.0034365654000001,0.000703187,0.9876170157999999,0.0011912214999999999,0.986929059,0.0014595060999999998,3.8298382759,0.0026831275,3.8210213183999997,0.0046005612,3.8206539154000003,0.0056549702000000006,3.8280014992,0.0,0.005879043100000001,0.0014073098,0.2000740021,0.0132894358,0.18024043739999998,0.044775683399999995,0.1107198894,0.0032333535999999998,2.0223355293000003,0.1303520799,3.51378e-05,4.896999999999999e-07,-1.0,-1.0,1.4726473093,0.0341234244,1.3302981853,0.034157562999999995,1.9725078344,0.0057725827,1.9983012675999998,0.0004141529,2.888733387,0.0028481239,0.9343003631,0.002909319,0.2804697752,0.0031174584,1.9973818064,0.00017787709999999998,9.5002241135,0.5984027386,0.0,0.0,10.108590126000001,0.20190925899999998,76.7229232788,0.2936945558,3.2458903789999995,0.0146101201,0.9862321615,0.0065671945999999995,0.0026181935999999998,0.00017787709999999998,0.0,0.0,0.0,0.0,-0.0,0.0,0.0,0.0,0.0,0.0,0.0,0.0,0.0,0.0,0.0,0.0,0.39738324280000004,0.0020154847,0.0,0.0,0.5888491272999999,0.0045517096,0.0,0.0,-0.0,0.0,-0.0,0.0,0.0,0.0,1.1889203787,0.11697016660000001,0.0,0.0,0.0,0.0,1,0,0,0,0,0,0,0,2,V/H
496,81818,T005/lfrassin,52.791900634799994,53.8712997437,0.39736539130000004,0.015200956699999999,6.003529071799999,0.0746928826,3.8071811199,0.1531502903,0.5487870574,0.0209934954,6.1128110886,0.0760525167,6.3193664551,0.2542071939,0.0432911403,0.007106958000000001,0.0385580845,0.0052069849,0.036022272,0.006229829,2.3728544712,0.3895433843,2.1166374683,0.2858362794,2.6787905693000003,0.6388763189,3.6495232582,0.6501234770000001,3.5039772987,0.6388763189,1.0033318996,0.0009690667999999999,0.9866496325,0.0016100493,0.9859817028,0.0019704578,3.8285522461,0.0036981346000000003,3.8194041251999997,0.006218931600000001,3.8190381526999997,0.0076372051,3.8267226219,0.0,0.006852381899999999,0.0021569142000000003,0.18703216309999998,0.0171390772,0.1722754091,0.0564781129,0.114763625,0.0046165604,1.9099448919,0.1698899716,3.53435e-05,6.76e-07,-1.0,-1.0,1.4418206215,0.024589370899999997,1.2897629738,0.0306744259,1.9728348255,0.0045374357,1.9984844922999998,0.00020556189999999997,2.8840026855,0.0017310638,0.9383269548000001,0.0026722817999999997,0.2781273723,0.0024601723999999998,1.9961363077,1.1509999999999999e-07,9.938925743099999,0.08867254109999999,0.0,0.0,10.5186424255,0.22452044489999998,76.8101196289,0.2918653488,3.2502479553,0.015494260900000001,1.8884949684,0.0158364847,0.0038636923,1.1509999999999999e-07,0.0,0.0,0.0,0.0,-0.0,0.0,0.0,0.0,0.0,0.0,0.0,0.0,0.0,0.0,0.0,0.0,0.24377110600000002,0.00032747529999999997,0.0,0.0,1.6447232962,0.0155090252,0.0,0.0,-0.0,0.0,-0.0,0.0,0.0,0.0,0.9706514478,0.34352061149999996,0.0,0.0,0.0,0.0,1,0,0,0,0,0,0,0,1,V/H
498,81819,T005/lfrassin,53.495300293,55.663398742700004,0.3700663149,0.0101732519,5.8745932579,0.0641816705,3.4608645438999996,0.1023785099,0.5105612278,0.0140355062,6.0126390457,0.0656898618,5.8255639076,0.17233051359999998,0.0485558584,0.0051884358,0.04289960860000001,0.0042623742,0.0398202464,0.0047480366,2.619893074,0.2799486518,2.3177199364,0.23028157649999997,2.3737049103,0.436254859,3.1376645565,0.6457805634,3.4472329617,0.436254859,1.0033853054000001,0.0009151162,0.9864481090999999,0.0012339382,0.9850916265999999,0.0016101338,3.8276481627999996,0.0034896871,3.8185071945,0.0047644032000000005,3.8174104691000004,0.006241105,3.8258202076,0.0,0.009794107600000001,0.0020693878,0.2086413205,0.0135459425,0.1955339611,0.043220642999999996,0.10317171369999999,0.0030520023,2.1549730301,0.1420256495,3.42558e-05,4.709e-07,-1.0,-1.0,1.3718360662,0.030832029900000002,1.2018641233,0.0340072624,1.9695107937,0.0069548101,1.9989737271999999,0.0003872145,2.8877937794,0.0025837934,0.9337981939,0.0034072408,0.2766304314,0.0045689563,1.9975084066,6.34916e-05,9.572055816699999,0.4302830696,0.0,0.0,10.1948986053,0.2147205919,76.5700378418,0.3722127676,3.2333717346,0.0176755525,1.8306992054,0.030697098,0.0024915934,6.34916e-05,0.0,0.0,0.0,0.0,-0.0,0.0,0.0,0.0,0.0,0.0,0.0,0.0,0.0,0.0,0.0,0.0,0.24220220739999998,0.0006492578,0.0,0.0,1.5884975195,0.0300478619,0.0,0.0,-0.0,0.0,-0.0,0.0,0.0,0.0,1.7991591692,0.241095975,0.0,0.0,0.0,0.0,1,0,0,0,0,0,0,0,2,V/H
500,81822,T005/lfrassin,54.361099243199995,55.986099243199995,0.2715169191,0.016490181899999998,6.0180315971,0.1190482527,2.604313612,0.166347906,0.4082070887,0.024791857200000003,6.190177440599999,0.1224536225,4.9030356407,0.3131764531,0.0502582751,0.008363327,0.0459221713,0.0063742851,0.0407464243,0.0074356152000000005,2.7733552456,0.46150562170000003,2.5371305943,0.3521696031,2.5214803219,0.8750659226999999,3.2751479149000002,0.4984443486,3.8359923363,0.8750659226999999,1.0059748888,0.0016905024,0.9906910658,0.0026513305,0.9880312681,0.0032948831,3.8303563595,0.0064339031999999996,3.8219213486,0.0101969829,3.8204541206,0.0127316928,3.8270556926999997,0.0,0.012437013,0.0040590158,0.2712680101,0.0347613804,0.2523853779,0.0884917751,0.0811445117,0.0051830234,3.9539690018,0.5584942102,2.91389e-05,8.849e-07,-1.0,-1.0,1.2455501556,0.023185424500000003,1.0358692408,0.0207399838,1.9642095566,0.0046999552000000005,2.0000748634,0.0003522489,2.8883407116,0.0017547498000000002,0.9342797995000001,0.0022823598999999997,0.27523708339999997,0.0021470326,1.9983654022,0.0001177691,9.503460884099999,0.488183707,0.0,0.0,10.259125709500001,0.19049559530000001,76.7020645142,0.2671081126,3.2360539436,0.013811601299999999,2.557151556,0.0457552485,0.0016345978,0.0001177691,0.0,0.0,0.0,0.0,-0.0,0.0,0.0,0.0,0.0,0.0,0.0,0.0,0.0,0.0,0.0,0.0,0.3967599273,0.001332034,0.0,0.0,2.1603922844,0.0444232635,0.0,0.0,-0.0,0.0,-0.0,0.0,0.0,0.0,2.6655683516999997,0.0129724452,0.0,0.0,0.0,0.0,1,0,0,0,0,0,0,0,1,V/H
502,81824,T001/rfrid,52.705299377399996,53.9539985657,0.4089641273,0.0166319888,5.7397403717,0.0917599127,3.7265124321,0.1628409177,0.560318172,0.022787341800000003,5.9173293114,0.0945989937,6.2562208176,0.273383975,0.0490731709,0.0101361256,0.043751955,0.0070747970999999995,0.0396448784,0.0087405322,2.6173939705000002,0.540626049,2.3361032009000002,0.3777535558,2.8802835941000002,0.7492062449,2.6708078384,0.3536626399,2.9095995426,0.7492062449,1.0,0.0012553305,0.9849944115000001,0.0018498857000000001,0.9822629093999999,0.0023357894,3.8241188526,0.004799088,3.8161141872,0.0071505425,3.8146588801999997,0.0090678511,3.8241188526,0.0,0.0136151146,0.0031702509,0.2097854763,0.021498315,0.2019854784,0.0513852835,0.1098598763,0.004800650300000001,1.7224442959000001,0.1676350534,3.59682e-05,7.314e-07,-1.0,-1.0,1.3875027894999998,0.0469754562,1.2317962646,0.0439666621,1.9745966196,0.0061552851,1.9998030663,0.0001734575,2.8839752674,0.0043206178,0.9374024868,0.0041173328999999995,0.2765784562,0.0037535615,1.9983161688,0.0001439536,9.9635744095,0.08338274059999999,0.0,0.0,10.5948877335,0.2807082236,76.6722869873,0.2691340446,3.2387368679,0.0135609368,0.9681246281,0.003163758,0.0016838311999999999,0.0001439536,0.0,0.0,0.0,0.0,-0.0,0.0,0.0,0.0,0.0,0.0,0.0,0.0,0.0,0.0,0.0,0.0,0.3994100392,0.0010232639,0.0,0.0,0.5687146783,0.0021404896,0.0,0.0,-0.0,0.0,-0.0,0.0,0.0,0.0,0.8098456264,0.2114227414,0.0,0.0,0.0,0.0,1,0,0,0,0,0,0,0,1,V/H
503,81824,T002/rfrid,55.0858001709,55.992401123,0.3639642596,0.0117993811,6.1343903542,0.0951769724,3.5766057968,0.1285450608,0.5283106565,0.0171273388,6.2131924628999995,0.0963996127,6.4005713463,0.23003984989999998,0.0253877267,0.0086716954,0.0390255228,0.0082626473,0.024548335,0.0084696412,1.322009325,0.45155921579999997,2.0334227085,0.4305247664,2.9157693386,0.7557619809999999,3.868016243,0.6307026743999999,3.6613399982,0.7557619809999999,1.0035204887,0.0013200964000000001,0.992959857,0.0013161113000000001,0.9908475876,0.0019717705,3.8287725449,0.0050351205,3.8232729435,0.0050626607,3.8221728801999997,0.00760881,3.826939106,0.0,0.0048419237,0.0026192658,0.1220927909,0.0150888236,0.1266558915,0.0702804625,0.1139987633,0.0040971744000000004,2.236140728,0.179681614,3.44264e-05,5.58e-07,-1.0,-1.0,1.3919848203999998,0.056926455300000005,1.2284684181,0.05906654150000001,1.9673398733,0.0054988512,2.0006251335,0.0001904936,2.8951969147,0.0021755339,0.9256924987,0.0024942441,0.2781609297,0.0025205347,1.9974364042,0.0001038585,9.7004613876,0.7966149449,0.0,0.0,10.3029518127,0.2601153553,76.0970001221,0.2575886846,3.2110185623,0.0152108837,0.9489063025,0.0022543115,0.0025635958,0.0001038585,0.0,0.0,0.0,0.0,-0.0,0.0,0.0,0.0,0.0,0.0,0.0,0.0,0.0,0.0,0.0,0.0,0.39317891,0.000732765,0.0,0.0,0.5557278395,0.0015215488,0.0,0.0,-0.0,0.0,-0.0,0.0,0.0,0.0,1.2811453342,0.017535435,0.0,0.0,0.0,0.0,1,0,0,0,0,0,0,0,1,V/H
504,81826,T001/rfrid,52.6269989014,55.771198272700005,0.44442451,0.014140126299999998,5.7853131294,0.06256357580000001,4.0843110085,0.137250483,0.5872005224,0.0186827891,5.9372081757,0.0642061979,6.5940752029,0.2215894014,0.044117026,0.0056685335,0.0380142219,0.0045692273,0.0366124995,0.005148306,2.4154765606,0.31036111710000003,2.0844454765,0.2505458295,1.9347413778,0.4761206806,3.1785948277,0.6793946028,3.2852573394999998,0.4761206806,1.0026801825,0.0008585741,0.9852516651000001,0.0013276138000000001,0.9839093685,0.0016668116,3.8285126686,0.0032785931,3.8189673424,0.0051372972999999995,3.8182327747,0.0064688427000000005,3.8270442486,0.0,0.0097603463,0.001892749,0.1634911895,0.013175185800000001,0.1581907719,0.0332200825,0.12233496460000001,0.0041109831,1.5120074749,0.112565361,3.7527800000000003e-05,5.970000000000001e-07,-1.0,-1.0,1.509344101,0.0574840717,1.3827189207,0.0565508343,1.9758470058000002,0.0072063268,2.0009684563,0.0003524403,2.8882141113,0.0044249534,0.9341760278,0.004017923,0.28060513730000003,0.0047068163,1.9978839159000001,0.0006253824,9.520311355599999,0.6987139582999999,0.0,0.0,10.056557655299999,0.2459313273,76.6585006714,0.2864355743,3.2465054989,0.0170637518,0.8458828926,0.0059415647,0.0021160841,0.0006253824,0.0,0.0,0.0,0.0,-0.0,0.0,0.0,0.0,0.0,0.0,0.0,0.0,0.0,0.0,0.0,0.0,0.387501508,0.0024642425,0.0,0.0,0.458381325,0.0034773275,0.0,0.0,-0.0,0.0,-0.0,0.0,0.0,0.0,0.9854770303,0.26824304460000004,0.0,0.0,0.0,0.0,1,0,0,0,0,0,0,0,2,V/H
522,81996,T005/lfrassin,53.996799468999995,55.9707984924,0.4354161322,0.0106890146,5.2135543823,0.04571584980000001,3.6174135208,0.09429875019999999,0.5843715072,0.0143457139,5.3121180534,0.0465801209,5.9717674254999995,0.1556720585,0.0437120534,0.0054692481999999995,0.0322982743,0.0032778489,0.0334006511,0.0045087119,2.2632851600999997,0.283182025,1.6728774309,0.1697749943,1.6217769384,0.28642061350000003,2.1725988388,0.4723501503,2.0407931805,0.28642061350000003,0.996604383,0.0005182241,0.9857349992000001,0.0010293957,0.9843760133,0.0012235038,3.8151109219,0.0019841335999999997,3.8094830513,0.003971478400000001,3.8087799549,0.0047405972,3.8168697357,0.0,0.0063444534,0.0013416801,0.171597749,0.0097708972,0.14873676,0.0325740427,0.10484197740000001,0.002733021,1.5044065714,0.08705487099999999,3.63172e-05,4.458e-07,-1.0,-1.0,1.182492733,0.034316171,1.038238883,0.0321129933,1.9676873684,0.0057084854,2.153260231,0.0002392391,2.9166915417,0.0030716135999999997,0.8941243887,0.0034973575,0.21956822280000002,0.0048800986,2.0725665092,0.0067649884,8.366185188300001,0.43380874399999997,0.0,0.0,9.0078315735,0.21179962160000002,72.41538238529999,0.2026706338,3.1525843143,0.0137428455,0.7862747312,0.0020748896,0.0,0.0067649884,0.0,0.0,0.0,0.0,-0.0,0.0,0.0,0.0,0.0,0.0,0.0,0.0,0.0,0.0,0.0,0.0,0.0,0.0,0.0,0.0,0.7862747312,0.0020748896,0.0,0.0,-0.0,0.0,-0.0,0.0,0.0,0.0,1.5444898605000001,0.1247920766,0.0,0.0,0.0,0.0,1,0,0,0,0,0,0,0,1,V/V
523,81996,T002/rfrid,56.3596992493,58.9720001221,0.25152936579999996,0.0103121186,6.960190773,0.0644468591,2.7995812893000003,0.11766719070000001,0.3839648068,0.0157416631,7.080533504500001,0.065561153,5.449922561599999,0.2290617824,0.0378724784,0.006154953,0.031322699,0.0035702210999999998,0.030260637400000002,0.0050313976,2.0158047675999997,0.3276042044,1.6678696871,0.1901069731,1.5789306163999999,0.3487925529,4.1445412636,0.27006855609999997,4.7855691910000004,0.3487925529,1.0058717728,0.0004974569,0.9947776198,0.0015036175,0.9934715629,0.001688528,3.8172798157,0.0018873212,3.8113758563999998,0.0057505798,3.8106811047000004,0.0064802575,3.8141536713,0.0,0.0051118438,0.0014493342,0.2068662196,0.018636059,0.180148825,0.053593006,0.0895467103,0.0037636734,5.712670803099999,0.5213080645,2.74161e-05,5.62e-07,-1.0,-1.0,1.0850545168,0.022886998999999998,0.8923649788,0.0175554529,1.9558258057,0.0049821069,2.1538264751,0.0002696269,2.9162766933,0.0014306185,0.8925323486,0.0032663683,0.2183020711,0.0036438734000000003,2.0410811901,0.0088307476,8.439081192,0.289626807,0.0,0.0,9.3584880829,0.1635160893,72.2438430786,0.2407095879,3.1606354713,0.011471468,5.003007412,0.114773035,0.0,0.0088307476,0.0,0.0,0.0,0.0,-0.0,0.0,0.0020913719,0.0152503829,0.0,0.0,0.0,0.0,0.0,0.0,0.0,0.0,0.0,0.0,0.0,0.0,5.0009160042000005,0.1173291206,0.0,0.0,-0.0,0.0,-0.0,0.0,0.0,0.0,4.4566392899,0.9005125761,0.0,0.0,0.0,0.0,1,0,0,0,0,0,0,0,1,V/V
524,81997,T001/rfrid,53.63299942020001,55.996101379399995,0.42337667939999996,0.012716286799999999,5.3553371429,0.0835457221,3.6434676647,0.1233139932,0.5772419571999999,0.017337691000000002,5.428748130800001,0.08469096570000001,6.0299654007,0.2040855587,0.0389761217,0.006603674,0.0398276448,0.0048019239,0.032916341,0.0057735164,2.0221912861,0.3426172435,2.06731534,0.2492512912,1.4161965847,0.1933828145,2.4835700989,0.39532008770000004,2.4762043953,0.1933828145,0.9986553788,0.0009845205,0.9878908992000001,0.0011667507,0.9845263958,0.0016167228,3.8134891987,0.0037600878000000003,3.8079044819,0.0044917273,3.8061594963,0.0062520802,3.8141872883,0.0,0.0055515887,0.0029464853,0.1585757881,0.012133386000000001,0.14557482300000002,0.0780620649,0.1070119813,0.0036218447999999998,1.5821849108000001,0.1197259277,3.57897e-05,5.375e-07,-1.0,-1.0,1.1727813482,0.0397385322,1.0326398611,0.0412668698,1.9694515466999998,0.0121377977,2.1535654068,0.0001960775,2.9143457413,0.004357894,0.8945724368000001,0.0045950198999999995,0.21908763050000002,0.0055990899,1.9937109947,0.00017211790000000001,8.5219888687,0.20077948269999998,0.0,0.0,9.1573581696,0.2688721418,72.3945465088,0.2782719433,3.1538660525999997,0.0207040142,0.7875254154000001,0.0029135402,0.0062890053,0.00017211790000000001,0.0,0.0,0.0,0.0,-0.0,0.0,0.0,0.0,0.0,0.0,0.0,0.0,0.0,0.0,9.64576e-05,0.0012082964,0.0,0.0,0.0,0.0,0.7874289751000001,0.0024899114,0.0,0.0,-0.0,0.0,-0.0,0.0,0.0,0.0,1.4917776585,0.19680231809999998,0.0,0.0,0.0,0.0,1,0,0,0,0,0,0,0,1,V/V
526,81998,T001/rfrid,54.085899353,55.9356994629,0.2746059,0.0122427996,6.180270195,0.0823217258,2.6462352276,0.1231305227,0.4119800329,0.0183673725,6.444525241900001,0.0858416259,5.3765978813,0.2501755357,0.0419084579,0.0067010438,0.0278215967,0.0040006344000000004,0.0321523212,0.0055185626000000005,2.2126369476,0.35379439590000006,1.4695141315,0.21131026739999997,1.0739635229,0.18227180839999998,4.081346035,0.5552045107,4.5613474846,0.18227180839999998,1.0071501731999999,0.0007586902000000001,0.992849648,0.0016974898999999998,0.9934996962999999,0.0019813005,3.8128600121,0.0028722916999999997,3.8053104877,0.0064927111,3.8053104877,0.007595798000000001,3.8090853691000004,0.0,0.0110980533,0.0018668201999999998,0.2208183259,0.0212116577,0.20978520809999998,0.0406369157,0.0831577778,0.0038693691999999997,4.3677749634,0.4476376176,2.85737e-05,6.37e-07,-1.0,-1.0,1.0802271366,0.030125835899999998,0.9107187986,0.0140546914,1.9608291387999999,0.0065081227000000005,2.1531307697,0.0002321888,2.9137439728,0.0030192502000000003,0.8950325847,0.0040447484,0.216641888,0.0044664158,2.111364603,0.0096935239,8.4545793533,0.3002024591,0.0,0.0,9.310338974,0.1892370731,72.3842010498,0.25487846140000003,3.1591603756,0.014820423000000001,2.9396340847,0.027925303199999998,0.0,0.0096935239,0.0,0.0,0.0,0.0,-0.0,0.0,0.0,0.0,0.0,0.0,0.0,0.0,0.0,0.0,0.0,0.0,0.0,0.0,0.0,0.0,2.9396340847,0.027925303199999998,0.0,0.0,-0.0,0.0,-0.0,0.0,0.0,0.0,3.6328811645999997,0.0437512808,0.0,0.0,0.0,0.0,1,0,0,0,0,0,0,0,1,V/V
528,81999,T007/lfrassin,54.507900238000005,55.997299194300005,0.336324513,0.0194909871,6.5313630104,0.0752198994,3.3308053017000003,0.1968045384,0.4355115891,0.0252391677,6.6477212906,0.0765599683,5.479539394400001,0.3237650394,0.0740785524,0.0124471476,0.0213039685,0.0047866018,0.047926772400000005,0.009429820799999999,3.9164304732999997,0.6580634713,1.1267380714,0.2531569004,1.9324541091999998,0.33400720359999997,3.0873131752,0.8190693855,3.0085430145,0.33400720359999997,0.9993561506,0.0005911117,0.9806848764,0.0027584321999999995,0.9935632348000001,0.0029908315999999996,3.8074064255,0.0022524926000000002,3.7975370884,0.0106284758,3.8043429852,0.011576606000000001,3.8077468872000004,0.0,0.0038373831,0.0012489794,0.2671497464,0.0309340823,0.21808172760000002,0.0753386989,0.0942274332,0.005567538100000001,3.1235399245999997,0.39800944920000003,3.1578699999999996e-05,9.15e-07,-1.0,-1.0,1.088771224,0.0207345281,0.9108939767,0.015155543600000002,1.9581360817,0.009044658399999999,2.1534457206999997,0.0002082274,2.9130983352999995,0.0033252273999999997,0.8955934644,0.0029977267,0.21699562670000003,0.0045955847,1.9863169193,0.0002705018,8.3929157257,0.39104145770000004,0.0,0.0,9.2617340088,0.230324477,72.3966064453,0.2489061505,3.1644625663999997,0.010615956000000001,2.9254095554000004,0.0223921519,0.013683080700000001,0.0002705018,0.0,0.0,0.0,0.0,-0.0,0.0,0.0,0.0,0.0,0.0,0.0,0.0,0.0,0.0,0.0,0.0,0.0,0.0,0.0,0.0,2.9254095554000004,0.0223921519,0.0,0.0,-0.0,0.0,-0.0,0.0,0.0,0.0,3.6478822231,0.0317881033,0.0,0.0,0.0,0.0,1,0,0,0,0,0,0,0,1,V/V
545,82198,T003/lfrassin,53.501701355,56.002101898199996,0.4138245881,0.01038884,5.9547724724,0.0547296628,3.9402792454,0.1053393707,0.5532976985,0.013890235700000001,6.0593533515999995,0.0556908548,6.23965168,0.1668107659,0.0533571169,0.0042296657,0.048977375,0.0036218069,0.04401109,0.0039374838,2.8694899082,0.22746698559999998,2.6374080181,0.1950325668,2.575864315,0.3388208747,2.763625145,0.5620285273,3.0941514969,0.3388208747,1.0006774664,0.0007607389,0.9837093949,0.0011751227,0.9809905291,0.0014616329000000001,3.8264532089,0.0029081509000000003,3.8169600964,0.0045499662,3.8158645630000003,0.005687265699999999,3.8260884285000003,0.0,0.008681112900000001,0.0019595064000000003,0.2114202231,0.0119735831,0.195076853,0.045397710099999995,0.11505934599999999,0.003075995,1.7513133287,0.1040276587,3.63809e-05,4.567e-07,-1.0,-1.0,1.4664442538999998,0.0411316454,1.3340703248999999,0.0385086648,1.9740903378,0.0074538663,2.0002071857,0.0004528064,2.8880941868,0.0024529365,0.9311007260999999,0.0032526618,0.27816301579999997,0.004445266,1.9879568815000002,0.0002839004,10.028425216699999,0.9240695834,0.0,0.0,10.5859060287,0.2373748124,76.2536773682,0.3271628916,3.2283875942,0.015653876599999998,2.8244175911,0.08910492060000001,0.012043118500000002,0.0002839004,0.0,0.0,0.0,0.0,-0.0,0.0,0.0,0.0,0.0,0.0,0.0,0.0,0.0,0.0,0.0,0.0,2.4498627186,0.08708688619999999,0.4161711633,0.002242465,0.0,0.0,0.0,0.0,-0.0,0.0,-0.0,0.0,0.0,0.0,1.8011951447,0.2125374377,0.0,0.0,0.0,0.0,1,0,0,0,0,0,0,0,0,V/H
574,82436,T034/lfrassin,50.0971984863,52.010799408000004,0.5159236193,0.0161414146,5.577533721900001,0.0556023046,4.5438275337,0.14920243619999998,0.6569996476,0.0205551814,5.7076411247,0.05689933900000001,6.961918354,0.2286035568,0.0506696813,0.006479688000000001,0.0340189822,0.0049545737,0.039407976000000004,0.0057677622,2.5789897442,0.3298037052,1.7329914569999998,0.2523953915,2.5863859653,0.4355798662,2.7361643314,0.4863941967,2.4108650684,0.4355798662,0.9978346229,0.0007664703,0.9812160134000001,0.0014623662,0.9819386601000001,0.0017372173999999998,3.8268790244999997,0.0029399804999999998,3.8184196949,0.0056794886,3.8187875748,0.0067702536,3.8279826641000003,0.0,0.0081575569,0.0014675023000000002,0.1682667732,0.013258393899999998,0.1557293236,0.030584313,0.12749972939999998,0.0041866177,1.1462469101000001,0.08315087110000001,3.94925e-05,6.178e-07,1.2655669451,0.025409430299999997,1.4896097183,0.033522278100000004,1.4419203997,0.039532512400000004,1.9830518961,0.0053254836,2.1032700538999998,0.000257281,2.8981556892,0.0025552539000000003,0.9252849220999999,0.0021833377,0.2726126909,0.0024343627,1.9976247549000001,0.0007230110000000001,9.8696022034,0.8207288384,0.0001028406,0.00031698130000000003,10.3599786758,0.2684055269,75.45652771,0.2128785402,3.30143857,0.0131985554,0.39790156479999994,0.0010376715,0.0021242613000000002,0.0019770795000000002,0.0,0.0,0.0,0.0,-0.0,0.0,0.0,0.0,0.0,0.0,0.0,0.0,0.0,0.0,0.0,0.0,0.39790156479999994,0.0010376715,0.0,0.0,0.0,0.0,0.0,0.0,-0.0,0.0,-0.0,0.0,0.0,0.0,0.49570679659999994,0.0386137329,0.0,0.0,0.0,0.0,1,0,0,0,0,0,0,0,0,V/H
575,82447,T041/lfrassin,49.195098877,50.8628997803,0.5043044686,0.0117622251,5.677256584199999,0.0459404662,4.5634660721,0.11266068369999999,0.6536787152,0.015246178,5.7863473891999995,0.0468232334,7.0175924301,0.1732469797,0.0381212831,0.0048025064,0.0350592807,0.0043009478000000005,0.0320534185,0.004558630300000001,1.9827746153,0.24978929760000002,1.8255740403999998,0.2239549309,2.0301246643,0.4410778582,3.2925186156999997,0.360404402,2.9675538539999997,0.4410778582,1.0007112026,0.0006204044999999999,0.9864706993000001,0.0010384407,0.9850460290999999,0.0012731144,3.8285717964,0.0023733797,3.8211627007,0.0040185768,3.8204219341,0.0049411249,3.8282012939,0.0,0.0067142239,0.0012295314,0.1296480745,0.0085029174,0.12328311060000001,0.0239802338,0.1329651475,0.0032825803000000003,1.1985081434,0.0656055361,3.8859299999999996e-05,4.532e-07,1.2665036917,0.0197124463,1.4589509963999998,0.0274997,1.4175173044,0.0308469087,1.98434937,0.0061878655000000005,2.1013710499,0.00067562,2.8964734077,0.0024854526999999998,0.9272362590000001,0.0026328538,0.2721144557,0.0026472809000000004,1.9993946552000001,9.97901e-05,9.7457857132,0.42400306460000003,0.0,0.0,10.2155475616,0.19325301050000002,75.5877532959,0.2534753382,3.3020350933,0.013602306100000001,0.4124442339,0.0009618833000000001,0.0006443912,0.0001267384,0.0,0.0,0.0,0.0,-0.0,0.0,0.0,0.0,0.0,0.0,0.0,0.0,0.0,0.0,0.0,0.0,0.4124442339,0.0009618833000000001,0.0,0.0,0.0,0.0,0.0,0.0,-0.0,0.0,-0.0,0.0,0.0,0.0,0.4701425135,0.011973498400000001,0.0,0.0,0.0,0.0,1,0,0,0,0,0,0,0,1,V/H
580,82488,T002/rfrid,52.888301849399994,55.2874984741,0.4781881571,0.0134809623,5.8584799767,0.0618859679,4.476368427300001,0.1347648799,0.6100183725,0.017197486,5.9209442138999995,0.0625458062,6.6081838608000005,0.1989450008,0.0501157865,0.0054328712,0.04623859,0.0048772753,0.0420424789,0.0051625529,2.5777423381999998,0.27944371100000004,2.3812170028999997,0.2511722445,2.5845370293000003,0.41039022799999997,2.6359586716,0.20205084980000002,2.9960496426,0.41039022799999997,1.0007092953,0.0008975791,0.9815298915,0.0012950985000000001,0.9801076651,0.0016478375,3.8251752853,0.0034315926,3.8156738281,0.0050225384,3.8149428368000002,0.0064173625,3.8251752853,0.0,0.0049785124,0.0020760076999999997,0.16525352,0.0112684369,0.1512810886,0.0639211088,0.1280402988,0.0038547621000000003,1.3165481091,0.0881389305,3.93709e-05,5.55e-07,1.2711584568,0.0285285581,1.5266553163999999,0.0344330035,1.4192675352000002,0.0318909436,1.9771311283000002,0.0070269508,2.005851984,0.0004790282,2.887462616,0.0031926034,0.931855917,0.0029824622999999996,0.2806414068,0.0045667556,1.9860432147999998,0.0006344873,9.9377803802,0.0972133353,0.0,0.0,10.4389753342,0.21813006699999998,76.26528167720001,0.32340636850000004,3.2443847656,0.015486828999999999,1.1097724437999998,0.0088325022,0.0139567852,0.0006344873,0.0,0.0,0.0,0.0,-0.0,0.0,0.0,0.0,0.0,0.0,0.0,0.0,0.0,0.0,0.0,0.0,0.0,0.0,0.42110872270000005,0.0021602677,0.7307747602,0.0068882643,0.0,0.0,-0.0,0.0,-0.0,0.0,0.0,0.0,1.0293648243,0.22393952309999998,0.0,0.0,0.0,0.0,1,0,0,0,0,0,0,0,1,V/H
609,82630,T001/rfrid,58.548000335699996,60.0666999817,0.4304754436,0.019655266799999998,6.1535902023,0.0922044367,4.2889380455,0.20610566440000003,0.5828539133,0.0266127829,6.2360706329,0.0934403166,6.8072857857,0.3271253109,0.0566232875,0.0092141442,0.048961404699999996,0.0060028858,0.0439983383,0.0077760885,2.9217429161000004,0.4754467905,2.5271840096,0.3098439574,2.9350731373000003,0.5643043518,1.9984817505,0.6880120635,1.92973423,0.5643043518,0.9900999665000001,0.0012067369,0.9809016585,0.0022515156,0.9759432077,0.0026648755,3.8205816745999996,0.0046549388,3.8158359527999997,0.0087293787,3.8132805824,0.0104164723,3.8256926537,0.0,0.007626452,0.0031649543,0.2411881983,0.0259143431,0.2052237839,0.0879753903,0.1183763817,0.0056885979,1.6263409853,0.17288447920000002,3.76499e-05,8.595e-07,1.1942026615,0.0192809496,1.5655661821,0.025839948999999997,1.4767006636000002,0.022560522000000003,1.9758130312,0.0056924517,2.006570816,0.00019357220000000002,2.8953497410000004,0.0017925329999999998,0.9245578051000001,0.0022319821,0.2777127624,0.004232714,1.9964299202000002,0.0001019172,9.2203083038,0.8829877376999999,9.69425e-05,0.0002361273,9.739362716699999,0.15096580980000002,75.1458129883,0.2903032005,3.1663408279,0.015471451899999999,0.7808544636,0.0049040047,0.0035700797999999997,0.0001019172,0.0,0.0,0.0,0.0,-0.0,0.0,0.0,0.0,0.0,0.0,0.0,0.0,0.0,0.0,0.0,0.0,0.0,0.0,0.0,0.0,0.7808544636,0.0049040047,0.0,0.0,-0.0,0.0,-0.0,0.0,0.0,0.0,0.7409590483,0.12054988,0.0,0.0,0.0,0.0,1,0,0,0,0,0,0,0,1,V/H
614,82633,T057/lfrassin,55.9874000549,56.9683990479,0.34108585119999996,0.0122859851,5.8816280364999995,0.068993628,3.1895401478,0.12082662429999999,0.4878823161,0.0175736248,6.0273752213,0.07070329040000001,5.6514239311,0.21408806739999997,0.0406749435,0.0058521689,0.0406477302,0.0056087383999999995,0.0350051112,0.0057317461,2.2193210125,0.3193081319,2.2215526104,0.3065388203,2.236941576,0.54176718,3.7200267315,0.6872884631,4.0780668259,0.54176718,1.0080060959000001,0.0010494795,0.9893169999,0.0014676225,0.9879801869,0.0018947335999999998,3.8293013573000003,0.0039859521000000005,3.8194639683,0.0056536174,3.8183708191,0.007317876899999999,3.8249292374,0.0,0.009374439699999999,0.0020928329,0.1924778819,0.0172716249,0.1876188368,0.0451425388,0.09760817890000001,0.0036976071999999995,2.502373457,0.2096258104,3.28525e-05,5.917e-07,1.142152667,0.0240000729,1.348621726,0.042720958600000004,1.1821950674,0.024448463700000003,1.9711225033000002,0.006238688199999999,2.0058019161000002,0.0004126907,2.8888931274000003,0.0026439752000000003,0.9298279285,0.003500615,0.2712469697,0.0056181429,1.9960099459,1.4336199999999998e-05,9.8043422699,0.08476386960000001,0.0,0.0,10.4047517776,0.1655820608,75.4619216919,0.3326819837,3.1764061451,0.0193889234,2.1588282585,0.2174211144,0.003990054099999999,1.4336199999999998e-05,0.0,0.0,0.0,0.0,-0.0,0.0,0.0,0.0,0.0,0.0,0.0,0.0,0.0,0.0,0.0,0.0,0.0,0.0,0.0,0.0,2.1588282585,0.2174211144,0.0,0.0,-0.0,0.0,-0.0,0.0,0.0,0.0,1.7026857138,0.26019078489999997,0.0,0.0,0.0,0.0,1,0,0,0,0,0,0,0,1,V/H
615,82633,T058/lfrassin,58.0077018738,59.008598327600005,0.2431640923,0.0128778424,5.7441525459000005,0.0729376748,2.1901240349,0.11927509310000001,0.3910220861,0.0207083225,5.952677726699999,0.0755854771,4.6361737251,0.2524880171,0.0533931889,0.0088481158,0.0417736694,0.005611449,0.0416128188,0.0074086944,2.9180824757,0.4835734665,2.2857835293,0.30704885719999997,2.9325809479,0.7002137898999999,4.1881809235,0.2674260139,4.1403193474,0.7002137898999999,1.0098590851,0.0010474018,0.9907857776000001,0.0021165558,0.9901274443000001,0.0024831616,3.8256523609,0.003968154099999999,3.8152267933,0.0081113763,3.8148672581,0.0095528327,3.8202598095,0.0,0.0138417343,0.0024660565,0.34060835840000003,0.0338584334,0.3159884512,0.06446693839999999,0.067326121,0.0036666093,4.6999616623,0.5574938655,2.7659099999999997e-05,7.324e-07,1.1322578192000001,0.0205600746,1.1722137928,0.0195153598,0.969073236,0.0072539523,1.9663856030000002,0.0036075703999999998,2.0059797764,0.00020629049999999999,2.8906464577,0.0004320499,0.9268985391,0.0021224276000000003,0.2724141181,0.0012834839,1.9959129094999999,1.43106e-05,9.779026031499999,0.0812366903,0.0,0.0,10.5848340988,0.10413569210000001,75.2247009277,0.2033289075,3.1586008072000005,0.0071473005,3.6369230747000003,0.1978227198,0.0040870904999999996,1.43106e-05,0.0,0.0,0.0,0.0,-0.0,0.0,0.0,0.0,0.0,0.0,0.0,0.0,0.0,0.0,0.0,0.0,0.0,0.0,0.0,0.0,3.6369230747000003,0.1978227198,0.0,0.0,-0.0,0.0,-0.0,0.0,0.0,0.0,3.072773695,0.17212517559999999,0.0,0.0,0.0,0.0,1,0,0,0,0,0,0,0,1,V/H
620,82638,T002/pbilkova,56.0556983948,62.988899231000005,0.4887972474,0.0065080426,5.8925046921,0.0337402783,4.5782470703,0.0663545728,0.6210405827000001,0.0082687838,5.9746122360000005,0.0342104249,6.8831663132,0.09976079310000001,0.0524691865,0.0022325835,0.0416906066,0.0020458372,0.042487349400000006,0.002141247,2.6655337811,0.1134194583,2.1192977428,0.1039979756,2.1818933487,0.15884315970000001,2.8706932068,0.6028287411,2.9214105606,0.15884315970000001,1.0,0.0004085742,0.9814967512999999,0.0006019118,0.9807849526000001,0.0007650485,3.8150820732,0.0015590172,3.8053200245,0.0023291237,3.8053200245,0.0029721858000000003,3.8150820732,0.0,0.0058748396,0.0009978042,0.172377184,0.0051808115,0.1570084095,0.027081187799999996,0.1273863912,0.0018462677,1.2823870182,0.0414913371,4.0195300000000005e-05,2.6760000000000004e-07,1.1795322895,0.024187182999999998,1.5615785121999999,0.0404842198,1.4591434002,0.0326191522,1.9759949446,0.0073675639000000005,2.0037717819,0.0009005839,2.8909869194,0.0118705779,0.9215595722,0.004287363,0.2826181352,0.0055367168999999996,1.9976116419,0.000477075,9.6822366714,0.5371932983,0.0433724634,0.1655737907,10.247795105,0.15360043939999998,74.8965759277,0.683691442,3.1856720448,0.0316440724,0.7543610334,0.0215739086,0.0023883581,0.000477075,0.0,0.0,0.0,0.0,-0.0,0.0,0.0,0.0,0.0,0.0,0.0,0.0,0.0,0.0,0.0,0.0,0.0,0.0,0.0,0.0,0.7543610334,0.0215739086,0.0,0.0,-0.0,0.0,-0.0,0.0,0.0,0.0,0.9639433622,0.11145477,0.0,0.0,0.0,0.0,1,0,0,0,0,0,0,0,1,V/H
621,82641,T006/lfrassin,60.0633010864,62.5410995483,0.5353897214,0.0197832584,4.8868608475,0.062215235099999995,4.1660804749,0.1628222466,0.6710556149,0.024796268,4.9889626502999995,0.06351510440000001,6.2144875526,0.2428798229,0.0493315905,0.0055364165,0.0402925052,0.0042778496000000004,0.0390125103,0.0049473178,2.5278036594,0.2836919427,2.0661952496000002,0.21936766800000002,2.1216449738,0.39675658939999997,1.8401037455000002,0.2166835666,1.8260210752000001,0.39675658939999997,0.9949704409000001,0.0010078138,0.9813097118999999,0.001751427,0.9791505933,0.0021310411,3.8327271938,0.0038828058000000003,3.8257267475,0.0068162824,3.824621439,0.008332692099999999,3.8353066444,0.0,0.0089256056,0.0021890597,0.1515944004,0.014547941299999999,0.14044712480000002,0.0369885862,0.1149426401,0.0044922847,0.9871714115000001,0.0855220109,3.93865e-05,7.276999999999999e-07,1.2480442524,0.0280411169,1.2215191126,0.0539936498,1.1065286398,0.059028659000000004,1.9665615559,0.0073350393,2.2433552742,0.0003208909,2.9415988922000005,0.0026430040999999996,0.8864271641,0.0053999587,0.2286097705,0.0043955910999999995,1.9917465447999998,0.0011439984,9.5266981125,0.0766182393,0.0038089999,0.0175195951,10.0510597229,0.1856512725,71.8207550049,0.4295730889,3.1721527575999997,0.0177580714,0.9091514945,0.011046845500000001,0.0082534552,0.0011439984,0.0,0.0,0.0,0.0,-0.0,0.0,0.0,0.0,0.0,0.0,0.0,0.0,0.0,0.0,0.0,0.0,0.0,0.0,0.0,0.0,0.9091514945,0.011046845500000001,0.0,0.0,-0.0,0.0,-0.0,0.0,0.0,0.0,1.2846876382999999,0.0919317901,0.0,0.0,0.0,0.0,1,0,0,0,0,0,0,0,1,V/V
694,82847,T001/pbilkova,49.5329017639,53.1543998718,0.4906254411,0.010613053999999999,5.2322492599,0.0369869247,4.0776796341,0.09279753269999999,0.6359426975,0.013756510800000002,5.3393530846,0.0377440453,6.328994274099999,0.1440316737,0.0509214886,0.0043787607000000004,0.038428355,0.0032649955,0.0397573225,0.0038622364,2.6154136658000002,0.2249005586,1.975430131,0.16783884170000002,2.4156529903,0.347324729,2.1559159756,0.2585960329,2.180308342,0.347324729,0.9970895648,0.0005731414,0.9817910790000001,0.0010638215,0.9810625315000001,0.0012697316,3.8258166313,0.0021998126,3.8183329105,0.0041282275,3.8179588318,0.0049488624,3.8276877402999996,0.0,0.008168542800000001,0.001115103,0.1811424941,0.0094377184,0.163736403,0.023924579799999998,0.1147269607,0.0026108914000000003,1.1816647053,0.059476014199999996,3.8378000000000004e-05,4.151e-07,1.4643896818000002,0.025915255800000002,1.5030977725999999,0.0292538796,1.4608097076,0.0390030928,1.9839252234,0.0044884146,2.1053366661000004,0.0007469129,2.8956239223,0.0024772163,0.9267520905,0.0022564086,0.2732663155,0.0023905429999999997,1.9911164044999998,0.0003776047,10.0368680954,0.1925006211,0.0,0.0,10.5242776871,0.1988383234,75.6017608643,0.21797238289999998,3.3283855914999996,0.012474980200000001,0.5531221032,0.0037952296,0.0088903643,0.0006588883,0.0,0.0,0.0,0.0,-0.0,0.0,0.0,0.0,0.0,0.0,0.0,0.0,0.0,0.0,0.0,0.0,0.5531221032,0.0037952296,0.0,0.0,0.0,0.0,0.0,0.0,-0.0,0.0,-0.0,0.0,0.0,0.0,0.4809870124,0.0283897538,0.0,0.0,0.0,0.0,1,0,0,0,0,0,0,0,0,V/H
696,82849,T001/pbilkova,49.496799468999995,53.2981987,0.5143765807,0.0101022935,5.0555057526,0.0312567391,4.1251125336,0.08493632820000001,0.6561056972,0.012885836000000001,5.190515041399999,0.032091461099999996,6.307612896,0.12987414,0.0470023565,0.0035627936,0.038507465299999995,0.0032977413,0.037916157400000004,0.0034328265999999997,2.415800333,0.1831184328,1.98107934,0.1696576923,2.3855142593000003,0.3217658699,2.4524765015,0.43555256719999996,2.3101689816,0.3217658699,0.9985442162,0.000525595,0.9825102687,0.0009568302,0.9810524583,0.0011465403999999998,3.8267726898000003,0.0020146631,3.8189048767,0.0037128142999999997,3.8181555270999996,0.004464875,3.827896595,0.0,0.0104964059,0.0009785884,0.1546870321,0.0078523466,0.1493877321,0.0158582274,0.116697304,0.002402805,1.0460370779000001,0.047555424299999996,3.92245e-05,3.8520000000000003e-07,1.4092651606,0.0417561345,1.4649323225,0.0333541892,1.405718565,0.0380086638,1.9840635061,0.0060000727,2.1059134007,0.0008671313,2.8967432976,0.0027338327,0.9260548353,0.0028249484000000004,0.27216973899999997,0.0025095986,1.9912893772,0.0035589433000000003,9.8831758499,0.7378720641,0.0240015388,0.0848390684,10.375017166100001,0.21973869199999999,75.6315765381,0.2385854572,3.3216562270999996,0.0155202094,0.4368920326,0.0024744815,0.0073459353,0.0044320486,0.0,0.0,0.0,0.0,-0.0,0.0,0.0,0.0,0.0,0.0,0.0,0.0,0.0,0.0,0.0,0.0,0.4368920326,0.0024744815,0.0,0.0,0.0,0.0,0.0,0.0,-0.0,0.0,-0.0,0.0,0.0,0.0,0.6335324049000001,0.1278094947,0.0,0.0,0.0,0.0,1,0,0,0,0,0,0,0,0,V/H
697,82850,T001/pbilkova,49.647998809799994,53.853801727299995,0.5197011828,0.0071487804000000005,5.1246628761,0.0283223223,4.2245788574,0.0626263693,0.6620160936999999,0.0091064014,5.260101318399999,0.029070844900000004,6.491492748300001,0.0962317511,0.0464945659,0.0033914787,0.0388102792,0.0027478733,0.037956319700000005,0.0030864978000000004,2.3704481125,0.1729088873,1.9807368517,0.1402415484,2.0308885574,0.2564980686,2.5879147053000002,0.327458173,2.4496052265,0.2564980686,0.9992666245,0.000479135,0.9823784828000001,0.0006473775,0.9809088110999999,0.0008467255000000001,3.8270862102999996,0.0018352502,3.8184742927999995,0.0025121807,3.8180999756,0.0032969727000000002,3.8274607657999997,0.0,0.010383199000000001,0.000874285,0.1523099691,0.0059098727,0.14856114980000001,0.013773408700000002,0.1193226278,0.0017688728,1.0405887365000002,0.0343787484,3.95019e-05,2.7170000000000003e-07,1.4198694229,0.0358764939,1.4879859686,0.027179747799999997,1.4231020212,0.035154156400000004,1.9843930006000001,0.0055027241,2.1061646938,0.000890537,2.8968884944999997,0.0026085064999999998,0.9259903431000001,0.0026934079,0.27252739670000004,0.0024600616,1.9676097631,0.0471959375,10.0177621841,0.1640910506,0.0671230778,0.1361324191,10.564853668200001,0.196818307,75.6169662476,0.2286491543,3.322457552,0.0140518742,0.5954126120000001,0.5365814567,0.0381593108,0.11380257460000001,0.0,0.0,0.0,0.0,-0.0,0.0,0.0,0.0,0.0,0.0,0.0,0.0,0.0,0.0,0.0,0.0,0.5954126120000001,0.5365814567,0.0,0.0,0.0,0.0,0.0,0.0,-0.0,0.0,-0.0,0.0,0.0,0.0,0.57527107,0.11148949710000002,0.0,0.0,0.0,0.0,1,0,0,0,0,0,0,0,0,V/H
701,82854,T001/pbilkova,49.753299713100006,52.5415992737,0.4557586908,0.0110745272,5.1739974022,0.0401208438,3.7288885117,0.095110476,0.6020421982,0.0146290846,5.3080849648,0.0411606021,5.982742309600001,0.1525981426,0.0479234308,0.0047387388,0.0330573842,0.0033605017,0.036808975,0.0041078352,2.5154876709000002,0.2487350851,1.7365623713,0.1765330434,2.4241969585,0.3201096952,2.6284637451,0.3761940897,2.3104891777,0.3201096952,0.9978725909999999,0.0006264385,0.9836892486,0.0011547544,0.9836892486,0.0013800916,3.8241052628,0.0023998083,3.8166596888999997,0.0044701565,3.8166596888999997,0.0053621442,3.8252222538,0.0,0.0087301293,0.0011104111,0.1795488596,0.0125468718,0.1634955853,0.023727297799999998,0.1078772098,0.0027515579,1.3488295078,0.0760099515,3.6637199999999995e-05,4.451e-07,1.3965855837,0.0452158377,1.4181866646,0.041547484700000005,1.3426465988,0.054907213899999995,1.9828484058000002,0.0072531565,2.1063878536000002,0.0005567166000000001,2.8946244717000003,0.0025664057999999997,0.9287486671999999,0.0026515445,0.2708132863,0.0027104615999999997,1.9911804199,0.0029695411,9.5384550095,1.1305271387,0.0,0.0,10.0614175797,0.21113458280000003,75.7531509399,0.2566883266,3.325658083,0.015483929799999999,0.5548662543,0.1902492791,0.0086464444,0.0043477924,0.0,0.0,0.0,0.0,-0.0,0.0,0.0813833773,0.190413177,0.0,0.0,0.0,0.0,0.0,0.0,0.0,0.0,0.4734827578,0.0021409949,0.0,0.0,0.0,0.0,0.0,0.0,-0.0,0.0,-0.0,0.0,0.0,0.0,0.6627539396000001,0.15924127400000002,0.0,0.0,0.0,0.0,1,0,0,0,0,0,0,0,0,V/H
704,82855,T002/lfrassin,52.0593986511,53.035099029499996,0.5201624036,0.0172058567,4.6845221518999995,0.0794377103,3.8506660461,0.1431340128,0.6667397022,0.0220543202,4.8816537857,0.08278056980000001,6.1604423523000005,0.2289912552,0.042850762599999995,0.0082404725,0.0395934656,0.0071965735,0.0360899307,0.0077361511,2.1811671257,0.41945222020000006,2.0178313255,0.3667643368,1.8812605143,0.6756568551000001,2.3688104153,0.2513602078,2.6567735672,0.6756568551000001,1.0021650790999999,0.0013973144000000001,0.9841043948999999,0.0015287689,0.9833814502,0.0021787509,3.8295185566,0.005336903499999999,3.8203222751999997,0.005926375699999999,3.8195865154,0.0084673017,3.828414917,0.0,0.0163069926,0.0030806272,0.1419242024,0.0134926168,0.1529580057,0.0323486589,0.11073555800000001,0.0041161776,0.9592452645,0.07972592860000001,3.95513e-05,6.541e-07,1.3827775717,0.0305588171,1.4508482218,0.0318373404,1.3703821898,0.028466567400000004,1.9838875532,0.005449527900000001,2.107121706,0.0005115359999999999,2.8990457058,0.0016510499,0.9245018362999999,0.0015501268,0.2721923292,0.0020234212,1.9909589291,0.0080515202,9.9979467392,0.38237494229999996,0.006858767900000001,0.0388046242,10.4998292923,0.17592071,75.6083602905,0.1913131177,3.3155560493,0.013121573300000001,0.4326526225,0.0006321278,0.0132323578,0.0118223922,0.0,0.0,0.0,0.0,-0.0,0.0,0.0,0.0,0.0,0.0,0.0,0.0,0.0,0.0,0.0,0.0,0.4326526225,0.0006321278,0.0,0.0,0.0,0.0,0.0,0.0,-0.0,0.0,-0.0,0.0,0.0,0.0,0.8721812963,0.0141174067,0.0,0.0,0.0,0.0,1,0,0,0,0,0,0,0,0,V/H
725,82883,T001/lfrassin,51.7613983154,53.0751991272,0.44199317689999995,0.0090334294,5.2659015656,0.0472814701,3.7206971644999998,0.0830581114,0.6143430471,0.0125559056,5.3711118698,0.048226133,6.3422327042,0.14157934490000001,0.032442733599999996,0.0055824001,0.0400856175,0.004756053,0.0291236769,0.0051857126000000005,1.6744054556,0.2881138325,2.0705919266,0.2456702888,1.4162672758000001,0.46802270409999996,2.3547582626,0.2328383625,2.85871768,0.46802270409999996,1.00142169,0.000734582,0.9893308878,0.000888172,0.9871971607,0.0012155148,3.8285534381999997,0.0028075695,3.8223130703,0.0034275926,3.8212118149000003,0.0047071311,3.8278191089999996,0.0,0.0079305014,0.0015725404,0.1405345052,0.0096911164,0.1407835931,0.029555948500000002,0.1115981117,0.0024912343,1.4056034088,0.07007590679999999,3.6304000000000003e-05,3.7100000000000003e-07,1.2778244019,0.0195287131,1.4431961775,0.0285672173,1.3837555647,0.0309793521,1.9826310873,0.0036372489000000004,2.106862545,0.0007083731,2.8977782726,0.0020363638,0.9259185195,0.0015598418,0.2726021409,0.0019946634,1.9926899672,0.0035501812,9.938076019299999,0.1071145535,0.006854305,0.0359450057,10.4590358734,0.1609870344,75.6461334229,0.1987824142,3.3203103542,0.0115254801,0.47267070409999995,0.0010146477,0.0081520211,0.006087984,0.0,0.0,0.0,0.0,-0.0,0.0,0.0,0.0,0.0,0.0,0.0,0.0,0.0,0.0,0.0,0.0,0.47267070409999995,0.0010146477,0.0,0.0,0.0,0.0,0.0,0.0,-0.0,0.0,-0.0,0.0,0.0,0.0,0.6956951618,0.020131863700000002,0.0,0.0,0.0,0.0,1,0,0,0,0,0,0,0,0,V/H
1051,84693,T002/pbilkova,52.6241989136,54.7921981812,0.4307557344,0.00865041,5.1584730148,0.040842983900000004,3.5218834877,0.0760248452,0.5775411129,0.0115981456,5.2578463554,0.0416297875,5.471900463099999,0.1181187183,0.0428828523,0.0037120401000000003,0.031034488199999998,0.0026311725,0.0340496637,0.0032173211,2.2676706313999997,0.19629488890000002,1.6434656382,0.13933666050000001,2.676063776,0.3659530878,2.627137661,0.5317962766,2.7014026642,0.3659530878,1.0006781815999999,0.00046839040000000003,0.9857404231999999,0.0008548115,0.9857404231999999,0.0010098573,3.8310189247000004,0.0017930979,3.8231179714,0.0033086128999999997,3.8231179714,0.0039203577,3.8306596279000003,0.0,0.0059518125,0.0011209938,0.1670828313,0.0074615842,0.1509350836,0.0292160399,0.1044318601,0.0022543098,1.4989435673,0.07207149269999999,3.5654e-05,3.5799999999999995e-07,-1.0,0.030690711000000002,1.4263725281,0.0270698201,1.3577624559,0.036088936,1.9771980047,0.0048510311,2.1096587181,0.0002090646,2.90021348,0.0022925454999999997,0.9281082153,0.002558046,0.2613522708,0.0023520986999999998,1.9933953285,0.0015090120000000001,9.1821327209,0.3137390018,0.0,0.0,9.769067764299999,0.19486834109999998,75.7576980591,0.2429232448,3.3106925488,0.015102068,1.7182337046,0.6034017801,0.0068383962,0.0028575005,0.0,0.0,0.0,0.0,-0.0,0.0,0.0,0.0,0.0,0.0,0.0,0.0,0.0,0.0,0.0,0.0,1.7182337046,0.6034017801,0.0,0.0,0.0,0.0,0.0,0.0,-0.0,0.0,-0.0,0.0,0.0,0.0,0.7815517783,0.2393441647,0.0,0.0,0.0,0.0,1,0,0,0,0,0,0,0,0,V/H
1105,84825,T004/lfrassin,50.34609985350001,52.39960098270001,0.4110489786,0.0094423536,5.6226453781,0.0395939872,3.6535699368,0.08778239789999999,0.5354612470000001,0.0123002715,5.7742123604,0.0406613052,5.5555911064,0.1334812641,0.0428184941,0.0037118511,0.0332410857,0.0027203440999999996,0.034702431400000004,0.0032540832,2.1974012852,0.19048839809999998,1.7081003189,0.1397854686,2.1023020744,0.5702107549000001,3.0459382533999997,0.5054699183,3.3354136944,0.5702107549000001,1.0027883053,0.0004361277,0.9867527484999999,0.0010048548,0.9867527484999999,0.0011374713,3.835811615,0.0016677007,3.8275797367,0.0038907716999999997,3.8275797367,0.0044163037,3.834379673,0.0,0.008721963499999999,0.0010557417999999999,0.1470265985,0.0079523353,0.1422058493,0.0188534856,0.10883113,0.0026148281,1.6300535202000002,0.0863677263,3.91944e-05,4.5020000000000005e-07,-1.0,0.0162823536,1.4785602093,0.0258273985,1.3882801533000002,0.0235965494,1.9757584333000002,0.0048092147,1.8891060352000002,0.0010326854,2.9116129875,0.0011474323,0.9202861786,0.0016173582,0.2204711735,0.0014958195000000002,1.9961137772,0.0003082154,7.7468471527,0.7170754670999999,0.0,0.0,8.351728439299999,0.1872434616,76.58480072020001,0.23241944609999998,2.9490411281999998,0.010723188500000001,3.2101268768,0.037675440299999995,0.0038862228,0.0003082154,0.0,0.0,0.0,0.0,-0.0,0.0,0.0,0.0,0.0,0.0,0.0,0.0,0.0,0.0,0.0,0.0,0.0,0.0,0.0,0.0,3.2101268768,0.037675440299999995,0.0,0.0,-0.0,0.0,-0.0,0.0,0.0,0.0,4.0068893433,0.2198174,0.0,0.0,0.0,0.0,1,0,0,0,0,0,0,0,0,C/C
1108,84830,T005/lfrassin,49.4767990112,50.6380004883,0.4338919818,0.0121982479,5.2820219994,0.0496301241,3.5513336657999997,0.105269216,0.5787318945000001,0.0162702128,5.5062828064,0.0517372862,5.8469424248,0.1733160317,0.0511430167,0.0042475737,0.032128036,0.0032919671000000003,0.043328858899999996,0.0037999297,2.7999002934,0.2325397134,1.6561554669999998,0.1696963161,1.6480934619999998,0.10961692039999998,2.9240858555,0.3881509006,3.475840807,0.10961692039999998,1.0053508281999999,0.0007486375,0.9816377163,0.0014202438000000001,0.9839341640000001,0.00166721,3.8414077758999996,0.0028609156,3.8295958042000002,0.0055230808999999995,3.8303828239,0.0064938101000000005,3.838650465,0.0,0.012952886499999998,0.0011206903,0.21426527199999998,0.0123107387,0.22258467969999998,0.0231176913,0.10433041300000001,0.0030925791,1.3964858055,0.091641821,4.03532e-05,5.671999999999999e-07,-1.0,0.0134241199,1.6430617571000001,0.039205167400000004,1.5858045816,0.0412884243,1.9820808172,0.0051235375,1.8885082006,0.0005548188,2.9084336758,0.0028966471999999997,0.9239366651,0.0035959175,0.224031955,0.0028461041,1.9944492579,0.0002413725,11.1300458908,0.07875207070000001,0.0,0.0,11.6216115952,0.2593918145,76.6950836182,0.25733274219999996,2.9620397091000004,0.011368076299999998,4.8878798485,0.048699569000000005,0.0055507421,0.0002413725,0.0,0.0,0.0,0.0,-0.0,0.0,0.0,0.0,0.0,0.0,0.0,0.0,0.0,0.0,0.0,0.0,0.0,0.0,0.0,0.0,4.8878798485,0.048699569000000005,0.0,0.0,-0.0,0.0,-0.0,0.0,0.0,0.0,4.7205843925,1.0720874071,0.0,0.0,0.0,0.0,1,0,0,0,0,0,0,0,1,C/C
1195,85360,T006/lfrassin,50.351200103800004,55.1212997437,0.6832852364,0.0109001501,4.0497097969,0.0211647283,4.3841714859,0.0735963508,0.8444306254,0.013470832299999999,4.1911077499000005,0.0219037067,6.3793992996,0.10708990689999999,0.0393471569,0.0025681644,0.0354680344,0.0022969579,0.0321307406,0.0024363378,1.9350521563999998,0.1262996495,1.7458124161000002,0.11306117480000001,1.8502017259999999,0.2816145122,1.3350627422,0.2822434306,1.4357056618000001,0.2816145122,0.9948958158,0.0003346575,0.98176682,0.0007125460000000001,0.9803071022,0.0008208943,3.8348612785,0.0012901867,3.8284037113,0.0027749026000000003,3.8276863098000002,0.003207756,3.8373732567000003,0.0,0.013099983300000001,0.0008277891,0.11193779109999999,0.0042845663,0.1167461723,0.0086250557,0.1199125424,0.0020129518,0.4413877726,0.0163893253,4.9423000000000004e-05,3.942e-07,1.1349833012000001,0.0226874538,1.7774341106,0.0315958783,1.7338684797,0.03683687,1.9801402091999998,0.004136608,1.9566487074,0.0007839409,2.9125537872000002,0.0019323253,0.9221253395000001,0.0016430572,0.21603177489999997,0.0016054225,1.9930974245,0.0005321457,10.0295648575,0.671153605,0.0,0.0,10.3332328796,0.2272745669,74.5922698975,0.1955867112,2.9495592117,0.0103305699,1.4779510498,0.024299116800000003,0.0069138678,0.0012773647,0.0,0.0,0.0,0.0,-0.0,0.0,0.0,0.0,0.0,0.0,0.0,0.0,0.0,0.0,0.0,0.0,0.0,0.0,0.0,0.0,0.0,0.0,1.4779510498,0.024299116800000003,-0.0,0.0,-0.0,0.0,0.0,0.0,2.4202728271000002,0.11967036130000001,0.0,0.0,0.0,0.0,1,0,0,0,0,0,0,0,2,C/C
